{
    "explore": 0.09234,
    "reflect": 0.49590000000000006,
    "optimize": 0.56
}